scene,PSNR,SSIM,SAM,ERGAS,RMSE,UIQI,SCC
lat-13.5_lon131.0_20230902_T52LGL_t029,33.681618,0.904374,1.614269,1.024983,0.020698,0.835494,0.955032
lat-13.5_lon131.0_20230902_T52LGL_t068,34.213354,0.934361,1.061358,0.690505,0.019468,0.898457,0.957147
lat-13.5_lon131.0_20230902_T52LGL_t106,31.258604,0.898896,1.140109,1.050357,0.027357,0.846379,0.911187
lat-13.5_lon131.0_20230902_T52LGL_t175,34.364550,0.923907,1.050881,0.712902,0.019133,0.877846,0.955090
lat-13.5_lon131.0_20230902_T52LGL_t188,33.116235,0.914707,0.977953,0.802458,0.022090,0.869472,0.928143
lat-13.5_lon131.0_20230902_T52LGL_t202,30.582510,0.817033,0.998112,1.142099,0.029572,0.727972,0.855554
lat-15.0_lon26.0_20240502_T35LLD_t046,37.466245,0.939173,0.807905,0.577885,0.013387,0.848122,0.939167
lat-15.0_lon26.0_20240502_T35LLD_t094,38.902406,0.941485,0.743946,0.529039,0.011347,0.824439,0.951484
lat-15.0_lon26.0_20240502_T35LLD_t128,33.689629,0.849536,1.042342,0.911026,0.020678,0.702164,0.858184
lat-15.0_lon26.0_20240502_T35LLD_t154,35.015239,0.881133,0.855345,0.753967,0.017752,0.716489,0.885802
lat-15.0_lon26.0_20240502_T35LLD_t166,35.577296,0.893978,0.843790,0.705955,0.016639,0.786094,0.897175
lat-15.0_lon26.0_20240502_T35LLD_t177,37.851928,0.932939,0.816930,0.624548,0.012806,0.816058,0.941705
lat-15.0_lon26.0_20240502_T35LLD_t192,31.083404,0.801869,1.186306,1.079242,0.027914,0.627944,0.849379
lat-21.0_lon14.5_20250124_T33KVS_t060,30.110652,0.851836,1.155600,1.330708,0.031222,0.766293,0.895828
lat-21.0_lon14.5_20250124_T33KVS_t103,32.135352,0.902016,1.012526,0.987623,0.024730,0.851135,0.974145
lat-21.0_lon14.5_20250124_T33KVS_t110,35.573496,0.882575,0.675340,0.960415,0.016647,0.759838,0.897346
lat-21.0_lon14.5_20250124_T33KVS_t121,32.720888,0.811446,0.746548,1.076117,0.023118,0.626920,0.922106
lat-21.0_lon14.5_20250124_T33KVS_t137,30.259374,0.826611,0.653746,1.093526,0.030692,0.754810,0.935829
lat-22.5_lon-68.5_20251030_T19KER_t066,34.438096,0.927735,0.808224,0.796807,0.018971,0.780534,0.963787
lat-22.5_lon-68.5_20251030_T19KER_t077,33.656248,0.888986,0.821486,0.723075,0.020758,0.807833,0.962376
lat-22.5_lon-68.5_20251030_T19KER_t090,25.826158,0.775061,0.959315,2.183916,0.051132,0.538835,0.680891
lat-22.5_lon-68.5_20251030_T19KER_t163,32.743176,0.897311,1.036568,0.705270,0.023059,0.816371,0.983861
lat-23.0_lon119.5_20240128_T50KQV_t086,36.743793,0.925236,0.538671,0.488927,0.014548,0.784801,0.938566
lat-23.0_lon23.5_20240902_T34KGV_t060,40.006896,0.954241,0.349095,0.294672,0.009992,0.869391,0.968683
lat-23.0_lon23.5_20240902_T34KGV_t178,38.026860,0.940160,0.388232,0.373557,0.012550,0.869682,0.971536
lat-23.0_lon23.5_20240902_T34KGV_t259,38.273664,0.935603,0.472391,0.382729,0.012199,0.843087,0.981501
lat-23.0_lon23.5_20240902_T34KGV_t262,38.738397,0.956506,0.531271,0.404730,0.011563,0.901693,0.966102
lat-23.5_lon-68.2_20251231_T19KEP_t043,25.294041,0.670611,0.877352,1.491403,0.054362,0.580217,0.913866
lat-24.0_lon-69.5_20251124_T19KDP_t023,37.214062,0.936554,0.445339,0.391424,0.013782,0.848841,0.968854
lat-24.0_lon-69.5_20251124_T19KDP_t029,35.033863,0.914963,0.342281,0.640017,0.017714,0.781378,0.959284
lat-24.0_lon-69.5_20251124_T19KDP_t040,30.123843,0.698743,0.522501,0.807814,0.031175,0.505564,0.823617
lat-24.0_lon-69.5_20251124_T19KDP_t123,29.093798,0.689242,0.471127,1.136614,0.035100,0.468624,0.824070
lat-24.0_lon-69.5_20251124_T19KDP_t231,29.186337,0.769476,0.614742,1.283936,0.034728,0.631470,0.866963
lat-24.0_lon-69.5_20251124_T19KDP_t247,30.336093,0.778219,0.815611,1.006871,0.030423,0.637487,0.903120
lat-24.5_lon-70.5_20240902_T19JCN_t088,33.419935,0.881513,0.718904,0.835938,0.021331,0.801956,0.942373
lat-25.0_lon149.0_20240925_T55JFN_t019,34.942722,0.933744,0.777662,0.595592,0.017900,0.876772,0.966255
lat-25.0_lon149.0_20240925_T55JFN_t028,37.871029,0.951540,0.751912,0.524276,0.012778,0.861244,0.971381
lat-25.0_lon149.0_20240925_T55JFN_t095,34.211371,0.923863,0.946957,0.772847,0.019473,0.828876,0.933691
lat-25.0_lon29.5_20250924_T35JQN_t185,26.429090,0.685549,2.818101,2.039501,0.047703,0.523316,0.846673
lat-26.0_lon134.0_20231105_T53JLM_t025,33.881685,0.840827,0.337831,0.583793,0.020226,0.635514,0.810750
lat-26.0_lon134.0_20231105_T53JLM_t070,35.451271,0.925425,0.439794,0.604794,0.016882,0.829545,0.939538
lat-27.0_lon27.5_20240703_T35JNL_t059,31.538292,0.866556,0.887481,1.120729,0.026490,0.789945,0.964345
lat-29.5_lon142.0_20250123_T54JWN_t010,34.748223,0.904797,0.489066,0.564459,0.018306,0.830584,0.936578
lat-29.5_lon142.0_20250123_T54JWN_t015,33.414800,0.900825,0.476140,0.655813,0.021343,0.853487,0.951107
lat-29.5_lon142.0_20250123_T54JWN_t052,34.615931,0.864766,0.412871,0.534190,0.018587,0.747681,0.910206
lat-29.5_lon142.0_20250123_T54JWN_t064,33.281460,0.840857,0.421851,0.667573,0.021673,0.732886,0.889839
lat-29.5_lon28.5_20250902_T35JPH_t199,29.667704,0.769772,1.362736,1.880696,0.032856,0.626593,0.804071
lat-29.5_lon28.5_20250902_T35JPH_t223,26.823539,0.597562,2.755847,4.011289,0.045585,0.398033,0.734268
lat-29.5_lon28.5_20250902_T35JPH_t273,31.850251,0.846905,1.896655,2.188394,0.025556,0.732824,0.907089
lat-29.5_lon29.0_20250902_T35JPH_t106,26.232670,0.755913,1.256972,1.994644,0.048794,0.709217,0.853706
lat-29.5_lon29.0_20250902_T35JPH_t284,29.284213,0.798178,1.995466,2.313020,0.034339,0.672083,0.920821
lat-29.5_lon29.5_20240526_T35JQH_t110,31.030470,0.818716,2.581161,2.389202,0.028085,0.684875,0.906854
lat-29.5_lon29.5_20240526_T35JQH_t153,32.807825,0.865977,2.798669,2.204371,0.022888,0.685114,0.917422
lat-29.5_lon29.5_20240526_T35JQH_t154,32.269480,0.835309,2.201061,2.301242,0.024352,0.657905,0.848538
lat-30.0_lon115.5_20260102_T50JLM_t062,32.755154,0.919685,1.114378,0.966234,0.023027,0.881705,0.955729
lat-30.0_lon115.5_20260102_T50JLM_t097,32.566869,0.921038,1.207373,1.105279,0.023532,0.886557,0.972194
lat-30.0_lon115.5_20260102_T50JLM_t118,29.747465,0.847434,1.223283,1.488184,0.032556,0.758974,0.954502
lat-30.0_lon115.5_20260102_T50JLM_t137,29.205396,0.859625,1.515826,1.661600,0.034652,0.807156,0.944195
lat-30.0_lon115.5_20260102_T50JLM_t202,33.079916,0.908134,1.032514,1.091039,0.022182,0.836057,0.963780
lat-30.0_lon115.5_20260102_T50JLM_t207,35.904355,0.933761,0.769721,0.799232,0.016024,0.820777,0.974570
lat-31.5_lon117.5_20260303_T50JNL_t043,34.499740,0.896361,0.838172,0.670889,0.018837,0.806020,0.929049
lat-31.5_lon117.5_20260303_T50JNL_t123,36.689734,0.944466,0.779270,0.619642,0.014639,0.889959,0.967758
lat-31.5_lon117.5_20260303_T50JNL_t165,35.775917,0.929911,0.631805,0.608288,0.016263,0.869164,0.971545
lat-32.0_lon-59.5_20240325_T21HTE_t128,28.384816,0.789924,2.727554,3.718338,0.038085,0.645124,0.845619
lat-32.0_lon-59.5_20240325_T21HTE_t145,33.950347,0.933289,1.429561,1.329078,0.020067,0.852743,0.960324
lat-32.0_lon-59.5_20240325_T21HTE_t160,33.620730,0.934282,1.714426,1.347978,0.020843,0.876005,0.968003
lat-32.0_lon-59.5_20240325_T21HTE_t194,28.148558,0.832319,2.837761,2.337678,0.039136,0.762497,0.893776
lat-32.0_lon-59.5_20240325_T21HTE_t231,28.764889,0.825479,2.866687,2.662040,0.036455,0.709950,0.891234
lat-32.0_lon-59.5_20240325_T21HTE_t256,31.687654,0.899840,2.095606,1.942012,0.026039,0.832208,0.938951
lat-33.5_lon19.5_20250123_T34HCJ_t027,32.266989,0.897714,0.675218,0.847314,0.024359,0.837998,0.949999
lat-33.5_lon19.5_20250123_T34HCJ_t115,33.237488,0.910318,0.497552,0.878803,0.021783,0.855126,0.975053
lat-33.5_lon19.5_20250123_T34HCJ_t148,29.613732,0.802602,0.932315,1.283064,0.033061,0.692234,0.949714
lat-33.5_lon19.5_20250123_T34HCJ_t199,33.570705,0.913198,0.564654,0.659776,0.020964,0.874727,0.954962
lat-33.5_lon19.5_20250123_T34HCJ_t201,31.771008,0.892581,0.714787,1.146306,0.025790,0.811428,0.957438
lat-33.5_lon19.5_20250123_T34HCJ_t210,31.119065,0.872913,2.381873,1.565714,0.027800,0.803538,0.938676
lat-33.5_lon19.5_20250123_T34HCJ_t214,21.795594,0.463419,1.370073,3.383157,0.081324,0.363726,0.680313
lat-37.0_lon149.0_20250104_T55HFU_t127,29.216605,0.825750,1.768475,2.438702,0.034607,0.709337,0.935467
lat-40.0_lon-72.0_20260305_T18GYA_t173,30.297597,0.749467,6.750588,6.485901,0.030558,0.531482,0.852077
lat-40.0_lon-72.0_20260305_T18GYA_t222,28.731855,0.770745,1.387060,4.273456,0.036594,0.483863,0.790991
lat-40.0_lon-72.0_20260305_T18GYA_t239,33.003584,0.836048,1.347922,2.954382,0.022378,0.435312,0.843638
lat-40.0_lon-72.0_20260305_T18GYA_t297,32.106786,0.792305,3.845661,4.817958,0.024812,0.512954,0.829695
lat-47.0_lon-69.0_20260106_T19GDJ_t089,42.239097,0.961629,0.321359,0.219835,0.007728,0.703320,0.907642
lat-47.0_lon-69.0_20260106_T19GDJ_t132,39.403966,0.932761,0.350197,0.286968,0.010710,0.703358,0.929487
lat-47.0_lon-69.0_20260106_T19GDJ_t214,24.724143,0.569796,0.945935,2.575312,0.058049,0.479147,0.725741
lat-47.0_lon-69.0_20260106_T19GDJ_t231,28.398409,0.709564,0.938566,1.643280,0.038026,0.540414,0.844397
lat-5.5_lon-37.5_20240629_T24MXV_t137,35.290756,0.943555,1.765392,1.093404,0.017197,0.893498,0.961714
lat-5.5_lon-37.5_20240629_T24MXV_t150,34.362401,0.946671,1.642711,1.966173,0.019137,0.857306,0.952653
lat-5.5_lon-37.5_20240629_T24MXV_t181,37.895922,0.958155,1.503266,1.489789,0.012741,0.849989,0.952670
lat-5.5_lon-37.5_20240629_T24MXV_t211,35.063723,0.916382,1.898757,1.764733,0.017653,0.679510,0.958756
lat-5.5_lon-37.5_20240629_T24MXV_t212,36.579656,0.953082,1.446178,1.806943,0.014826,0.816820,0.959135
lat-5.5_lon-37.5_20240629_T24MXV_t218,37.530645,0.951542,1.053755,1.271052,0.013288,0.842289,0.958245
lat-5.5_lon-37.5_20240629_T24MXV_t226,32.394981,0.918735,1.992743,2.534240,0.024002,0.748124,0.929123
lat-5.5_lon-37.5_20240629_T24MXV_t295,36.164906,0.945942,1.219867,1.251387,0.015551,0.844543,0.963497
lat-50.0_lon-71.0_20240120_T19FCE_t105,31.515082,0.817467,0.684662,1.026367,0.026561,0.630073,0.829417
lat-50.0_lon-71.0_20240120_T19FCE_t251,32.498762,0.798606,0.594243,0.817920,0.023717,0.585785,0.856220
lat13.0_lon14.0_20231029_T33PUQ_t033,24.840842,0.762524,2.809846,2.545349,0.057274,0.722511,0.913749
lat13.0_lon14.0_20231029_T33PUQ_t052,31.368670,0.922117,2.221708,1.450606,0.027013,0.879752,0.976084
lat13.0_lon14.0_20231029_T33PUQ_t053,29.956895,0.919995,2.691746,1.714451,0.031780,0.891950,0.973465
lat13.0_lon14.0_20231029_T33PUQ_t054,30.158553,0.913626,2.010238,1.638990,0.031051,0.878123,0.957228
lat13.0_lon14.0_20231029_T33PUQ_t058,31.690394,0.915492,1.530201,1.048171,0.026030,0.850501,0.949562
lat13.0_lon14.0_20231029_T33PUQ_t066,31.831611,0.940503,1.834373,1.420274,0.025611,0.901201,0.958058
lat13.0_lon14.0_20231029_T33PUQ_t070,33.727996,0.930061,1.384549,0.920301,0.020587,0.849250,0.937166
lat13.0_lon14.0_20231029_T33PUQ_t086,33.089869,0.909461,1.160660,0.890218,0.022157,0.859493,0.969852
lat13.0_lon14.0_20231029_T33PUQ_t089,33.643659,0.941513,1.375339,1.192389,0.020788,0.878665,0.957811
lat13.0_lon14.0_20231029_T33PUQ_t091,31.059091,0.926692,2.182815,1.347573,0.027993,0.881820,0.952901
lat13.0_lon14.0_20231029_T33PUQ_t114,37.567358,0.950173,2.020000,1.506834,0.013232,0.870692,0.956782
lat13.0_lon14.0_20231029_T33PUQ_t126,35.324652,0.926718,2.941745,1.991893,0.017130,0.850806,0.948317
lat13.5_lon40.7_20250330_T37PFQ_t029,35.838294,0.919143,0.785019,0.949500,0.016147,0.733373,0.945122
lat13.5_lon40.7_20250330_T37PFQ_t033,31.793135,0.799914,0.815005,0.820743,0.025724,0.660465,0.873349
lat13.5_lon40.7_20250330_T37PFQ_t072,30.969260,0.779904,0.527188,0.785501,0.028284,0.668172,0.877360
lat13.5_lon40.7_20250330_T37PFQ_t102,31.910421,0.815177,0.883191,1.056020,0.025379,0.698070,0.882154
lat13.5_lon40.7_20250330_T37PFQ_t103,33.994686,0.862710,0.733687,0.762693,0.019965,0.728632,0.904884
lat13.5_lon40.7_20250330_T37PFQ_t132,31.667668,0.900314,1.058637,1.043272,0.026099,0.842846,0.971620
lat13.5_lon40.7_20250330_T37PFQ_t134,31.978175,0.838182,0.724825,0.847110,0.025182,0.750931,0.936749
lat13.5_lon40.7_20250330_T37PFQ_t135,29.850737,0.759497,0.869082,1.463394,0.032171,0.635607,0.854509
lat13.5_lon40.7_20250330_T37PFQ_t212,37.016327,0.942678,0.496729,0.471555,0.014099,0.881602,0.974093
lat14.5_lon33.5_20251024_T36PWB_t069,33.157143,0.900881,2.098867,1.091996,0.021986,0.843281,0.908448
lat14.5_lon33.5_20251024_T36PWB_t085,28.850774,0.775613,2.370526,1.637510,0.036096,0.666310,0.775855
lat14.5_lon33.5_20251024_T36PWB_t097,30.655316,0.864530,2.742534,1.461596,0.029325,0.812280,0.921889
lat17.0_lon95.5_20251224_T46QGD_t163,30.057366,0.871263,3.384797,1.774165,0.031415,0.805111,0.945152
lat17.0_lon95.5_20251224_T46QGD_t200,30.261502,0.870508,3.966578,2.443874,0.030685,0.799166,0.940137
lat17.0_lon95.5_20251224_T46QGD_t278,25.332077,0.755138,5.377030,4.679823,0.054125,0.627767,0.754645
lat18.0_lon33.0_20231202_T36QWF_t104,37.807754,0.936376,0.373625,0.363911,0.012871,0.833026,0.966686
lat18.0_lon33.0_20231202_T36QWF_t106,36.055662,0.922657,0.421710,0.418671,0.015748,0.816819,0.966543
lat19.4_lon-99.1_20260221_T14QMG_t039,35.817516,0.912937,1.430392,1.204012,0.016185,0.823155,0.904161
lat19.4_lon-99.1_20260221_T14QMG_t045,39.681041,0.948496,1.695290,1.705861,0.010374,0.845745,0.898484
lat19.4_lon-99.1_20260221_T14QMG_t071,28.933379,0.680401,2.025149,2.951790,0.035755,0.491153,0.720615
lat21.0_lon17.5_20231203_T33QYD_t072,33.626007,0.915295,1.014375,0.875035,0.020830,0.841598,0.976018
lat21.0_lon17.5_20231203_T33QYD_t169,20.031820,0.404832,1.915375,4.560011,0.099634,0.341222,0.633782
lat22.5_lon78.0_20250129_T43QHE_t056,34.052180,0.888755,1.406911,1.369571,0.019833,0.761742,0.924974
lat22.5_lon78.0_20250129_T43QHE_t057,36.178750,0.874962,1.635210,1.916463,0.015526,0.631948,0.833846
lat22.5_lon78.0_20250129_T43QHE_t082,29.437726,0.772618,1.933324,1.926305,0.033738,0.660015,0.833576
lat22.5_lon78.0_20250129_T43QHE_t118,31.103835,0.889037,2.610349,1.692129,0.027849,0.828501,0.909228
lat23.0_lon88.0_20231227_T45QXF_t036,29.337695,0.798843,4.629209,2.816403,0.034128,0.700816,0.898972
lat23.0_lon88.0_20231227_T45QXF_t046,31.444743,0.867989,3.610844,2.253593,0.026777,0.780357,0.927534
lat23.0_lon88.0_20231227_T45QXF_t068,31.245034,0.859103,3.446138,2.311311,0.027400,0.770669,0.923379
lat23.0_lon88.0_20231227_T45QXF_t075,32.394865,0.902382,2.072582,1.288156,0.024003,0.828035,0.897782
lat23.0_lon88.0_20231227_T45QXF_t101,35.082636,0.914911,2.345192,1.267813,0.017614,0.826205,0.921995
lat23.0_lon88.0_20231227_T45QXF_t110,31.295080,0.839180,2.569143,1.598683,0.027242,0.739349,0.875621
lat23.5_lon58.5_20231226_T40QFL_t021,27.805751,0.631633,2.887283,4.019119,0.040711,0.490387,0.696358
lat23.5_lon58.5_20231226_T40QFL_t129,27.168435,0.706501,1.903588,2.877060,0.043811,0.618920,0.829136
lat23.5_lon58.5_20231226_T40QFL_t173,31.248770,0.809790,1.208987,1.648383,0.027388,0.705041,0.841387
lat23.5_lon58.5_20231226_T40QFL_t182,29.494267,0.798926,1.971150,2.344545,0.033519,0.720427,0.868868
lat23.5_lon69.5_20231003_T42QWL_t009,34.289310,0.935274,1.431357,0.829223,0.019299,0.902566,0.943902
lat23.5_lon69.5_20231003_T42QWL_t019,33.706193,0.931349,1.517698,1.032526,0.020639,0.903893,0.954107
lat26.0_lon-99.5_20230627_T14RMP_t013,33.891401,0.847992,0.915415,1.076428,0.020204,0.668777,0.835134
lat26.0_lon-99.5_20230627_T14RMP_t028,39.508499,0.958343,1.400488,1.194573,0.010582,0.915301,0.960593
lat26.5_lon71.0_20250131_T42RYQ_t013,34.704241,0.906633,0.773291,0.526168,0.018399,0.771621,0.881706
lat26.5_lon71.0_20250131_T42RYQ_t025,35.431480,0.910210,1.348618,0.909166,0.016921,0.769150,0.849507
lat26.5_lon71.0_20250131_T42RYQ_t050,31.078085,0.861383,2.721608,1.519179,0.027932,0.764770,0.909155
lat26.5_lon71.0_20250131_T42RYQ_t056,32.146618,0.849024,1.227710,0.828666,0.024698,0.732627,0.863351
lat26.5_lon71.0_20250131_T42RYQ_t059,33.351790,0.919346,1.524517,0.797698,0.021499,0.849963,0.931394
lat26.5_lon71.0_20250131_T42RYQ_t067,31.503834,0.846465,1.115250,0.806203,0.026596,0.732459,0.872689
lat26.5_lon71.0_20250131_T42RYQ_t089,31.825267,0.863659,1.093910,0.829703,0.025629,0.771832,0.892054
lat26.5_lon71.0_20250131_T42RYQ_t100,34.254387,0.902960,0.744106,0.578439,0.019377,0.819302,0.893849
lat26.5_lon71.0_20250131_T42RYQ_t135,35.164710,0.902895,0.995953,0.707229,0.017449,0.793030,0.879972
lat26.5_lon71.0_20250131_T42RYQ_t158,30.495610,0.857449,1.277323,0.934034,0.029869,0.787918,0.859180
lat26.5_lon71.0_20250131_T42RYQ_t178,35.656597,0.907480,0.742956,0.534134,0.016488,0.801392,0.879446
lat27.0_lon13.5_20241001_T33RUL_t077,32.072500,0.839394,0.419091,0.668908,0.024910,0.699990,0.888445
lat27.0_lon13.5_20241001_T33RUL_t199,39.834689,0.950303,0.346741,0.323058,0.010192,0.759096,0.983297
lat27.5_lon112.0_20241201_T49RFL_t084,29.462097,0.668713,3.478230,5.568011,0.033643,0.390826,0.545465
lat28.6_lon77.2_20250531_T43RGM_t159,32.010068,0.814579,2.341749,1.908245,0.025090,0.620239,0.776267
lat29.5_lon34.0_20250731_T36RXT_t063,30.478829,0.892066,0.952385,0.992906,0.029927,0.875617,0.958992
lat29.5_lon34.0_20250731_T36RXT_t121,30.775462,0.773073,0.592729,0.848598,0.028922,0.675233,0.805948
lat29.5_lon34.0_20250731_T36RXT_t125,31.191308,0.827376,0.765232,0.818279,0.027570,0.772488,0.870915
lat29.5_lon34.0_20250731_T36RXT_t139,29.244572,0.777531,0.949654,1.101326,0.034496,0.717589,0.869608
lat29.5_lon34.0_20250731_T36RXT_t210,26.745980,0.660840,0.852020,1.449577,0.045994,0.573120,0.701756
lat30.05_lon2.88_20231203_T31RDP_t085,38.573599,0.924319,0.406012,0.447464,0.011785,0.574798,0.861537
lat30.05_lon2.88_20231203_T31RDP_t086,35.081121,0.871424,0.438107,0.634205,0.017617,0.598841,0.814761
lat30.05_lon2.88_20231203_T31RDP_t127,35.443903,0.844691,0.347254,0.454929,0.016897,0.555379,0.816175
lat30.05_lon2.88_20231203_T31RDP_t174,41.689738,0.949454,0.313740,0.225879,0.008232,0.701979,0.938332
lat30.05_lon2.88_20231203_T31RDP_t186,32.440424,0.833190,0.662373,0.614318,0.023877,0.600327,0.830489
lat30.05_lon2.88_20231203_T31RDP_t221,36.277393,0.894384,0.418317,0.490754,0.015351,0.722118,0.883823
lat30.05_lon31.25_20230626_T36RUU_t078,32.892921,0.883795,2.636825,1.923249,0.022665,0.798546,0.933817
lat30.05_lon31.25_20230626_T36RUU_t081,31.333213,0.853016,2.922505,2.321421,0.027123,0.781490,0.906620
lat30.05_lon31.25_20230626_T36RUU_t094,32.652672,0.896233,2.663066,1.729228,0.023301,0.843351,0.953845
lat30.05_lon31.25_20230626_T36RUU_t101,30.920324,0.868480,2.831507,2.023410,0.028444,0.821622,0.948886
lat30.05_lon31.25_20230626_T36RUU_t113,32.355747,0.874361,2.174460,1.835001,0.024111,0.813470,0.941980
lat30.05_lon31.25_20230626_T36RUU_t151,31.487556,0.865290,3.059496,1.815322,0.026645,0.806037,0.939789
lat30.05_lon31.25_20230626_T36RUU_t207,35.945921,0.912382,0.572333,0.540966,0.015948,0.787575,0.920125
lat30.05_lon31.25_20230626_T36RUU_t209,31.901084,0.863903,1.593577,1.024654,0.025407,0.804750,0.913403
lat30.05_lon31.25_20230626_T36RUU_t239,32.917979,0.892654,1.620487,1.244735,0.022600,0.824954,0.948682
lat30.05_lon31.25_20230626_T36RUU_t242,31.973344,0.846539,1.701298,1.116135,0.025196,0.769486,0.873703
lat30.0_lon-9.5_20230804_T29RMP_t024,42.720392,0.967962,0.379151,0.314707,0.007311,0.829065,0.948003
lat30.0_lon-9.5_20230804_T29RMP_t052,35.998477,0.924608,0.955973,0.626353,0.015852,0.831528,0.942826
lat30.0_lon-9.5_20230804_T29RMP_t083,29.961976,0.735216,0.473351,1.000550,0.031762,0.591800,0.856647
lat30.5_lon74.5_20231203_T43RDP_t019,29.511036,0.838589,3.811172,2.274835,0.033454,0.798164,0.918771
lat30.5_lon74.5_20231203_T43RDP_t026,35.773348,0.927849,1.767787,0.935816,0.016268,0.853932,0.907282
lat30.5_lon74.5_20231203_T43RDP_t043,35.624698,0.928267,1.743260,0.976487,0.016549,0.863862,0.925060
lat30.5_lon74.5_20231203_T43RDP_t078,34.499126,0.905141,1.760764,1.135790,0.018838,0.826253,0.895985
lat30.87_lon31.32_20250623_T36RUV_t139,28.771328,0.816646,3.987681,3.332642,0.036428,0.751140,0.857201
lat31.0_lon47.0_20240403_T38RPV_t141,29.697365,0.698353,1.406283,2.990822,0.032744,0.385901,0.890435
lat31.0_lon47.0_20240403_T38RPV_t161,30.146129,0.807217,1.939880,1.629038,0.031095,0.720898,0.918133
lat31.0_lon47.0_20240403_T38RPV_t166,27.362384,0.801733,1.298622,1.508504,0.042843,0.760655,0.907348
lat31.5_lon-100.0_20241001_T14RMV_t024,24.922056,0.745369,2.438086,2.792596,0.056741,0.688352,0.812219
lat31.5_lon-100.0_20241001_T14RMV_t041,36.051360,0.935937,1.048573,0.962767,0.015755,0.895202,0.949268
lat31.5_lon37.0_20240823_T37RCQ_t025,34.847644,0.935992,0.399909,0.471819,0.018097,0.892613,0.971947
lat31.5_lon37.0_20240823_T37RCQ_t062,30.706545,0.853374,0.458093,0.774498,0.029152,0.775499,0.938288
lat31.5_lon37.0_20240823_T37RCQ_t105,38.196314,0.958648,0.461015,0.421091,0.012308,0.915850,0.979106
lat31.5_lon37.0_20240823_T37RCQ_t110,33.486230,0.929083,0.757768,0.614317,0.021168,0.905755,0.956078
lat31.5_lon37.0_20240823_T37RCQ_t123,36.300417,0.945438,0.563362,0.522908,0.015310,0.899778,0.959850
lat31.5_lon37.0_20240823_T37RCQ_t129,29.363226,0.874008,1.613214,1.081795,0.034028,0.850689,0.929306
lat31.5_lon37.0_20240823_T37RCQ_t146,34.821825,0.941758,0.771473,0.537845,0.018151,0.899734,0.964306
lat32.0_lon-113.0_20251129_T12SUA_t088,23.381972,0.526238,1.168867,3.687379,0.067749,0.409625,0.659679
lat32.0_lon-113.0_20251129_T12SUA_t119,29.728048,0.773226,1.130730,1.434904,0.032629,0.658160,0.958350
lat32.0_lon-113.0_20251129_T12SUA_t133,25.287464,0.657796,0.983969,2.067194,0.054403,0.601686,0.781601
lat32.0_lon-113.0_20251129_T12SUA_t140,23.999077,0.555882,1.408494,3.142925,0.063102,0.470468,0.823863
lat32.0_lon-113.0_20251129_T12SUA_t163,31.935652,0.886375,0.740871,0.809878,0.025306,0.836692,0.955725
lat32.0_lon35.8_20240803_T37SBR_t031,36.387823,0.947494,0.516980,0.705820,0.015157,0.905506,0.970624
lat32.0_lon35.8_20240803_T37SBR_t043,38.441571,0.945196,0.892660,0.814288,0.011965,0.871814,0.936108
lat32.0_lon35.8_20240803_T37SBR_t045,37.892917,0.959381,0.579854,0.448701,0.012745,0.912904,0.970227
lat32.0_lon35.8_20240803_T37SBR_t057,31.319747,0.846766,0.679294,1.093151,0.027165,0.797697,0.864214
lat32.0_lon35.8_20240803_T37SBR_t095,34.382228,0.914177,0.787359,0.747293,0.019094,0.864867,0.944309
lat32.0_lon35.8_20240803_T37SBR_t130,32.482160,0.840411,0.877012,1.069703,0.023762,0.747403,0.928438
lat32.0_lon35.8_20240803_T37SBR_t131,35.552127,0.911558,0.650756,0.705096,0.016688,0.823288,0.950852
lat32.0_lon35.8_20240803_T37SBR_t133,36.126214,0.923346,0.782489,0.845711,0.015620,0.858180,0.952629
lat32.0_lon58.5_20231204_T40SFA_t062,24.397267,0.596987,1.166940,2.599587,0.060275,0.411294,0.615100
lat32.0_lon58.5_20231204_T40SFA_t155,35.774662,0.932717,0.570544,0.719290,0.016265,0.841069,0.961004
lat32.0_lon58.5_20231204_T40SFA_t191,34.781609,0.945806,0.285405,0.725583,0.018236,0.617539,0.921132
lat32.5_lon-106.5_20231204_T13SCR_t109,35.032852,0.910247,0.456308,0.614345,0.017716,0.838989,0.961054
lat32.5_lon44.5_20250801_T38SMB_t102,35.776161,0.930190,1.455994,1.001485,0.016263,0.867877,0.948679
lat32.5_lon44.5_20250801_T38SMB_t155,38.133528,0.936251,0.602866,0.377088,0.012397,0.846940,0.940359
lat33.0_lon-115.5_20260130_T11SPS_t080,24.454964,0.536945,1.506450,3.221265,0.059876,0.382794,0.612994
lat33.0_lon-115.5_20260130_T11SPS_t081,29.202442,0.712870,1.497394,2.988700,0.034664,0.512508,0.678873
lat33.0_lon-115.5_20260130_T11SPS_t127,34.651190,0.879504,0.464669,0.565819,0.018511,0.789453,0.905347
lat33.0_lon-115.5_20260130_T11SPS_t147,27.853684,0.668340,0.498531,1.420650,0.040487,0.521679,0.847748
lat33.0_lon-115.5_20260130_T11SPS_t245,31.254141,0.843825,2.869719,2.121697,0.027371,0.769823,0.911999
lat33.0_lon-4.5_20231025_T30SUB_t091,25.982210,0.727097,1.102414,2.227321,0.050221,0.635837,0.886506
lat33.0_lon-4.5_20231025_T30SUB_t095,22.101500,0.494652,0.958724,2.818436,0.078510,0.419014,0.708498
lat33.0_lon-4.5_20231025_T30SUB_t101,28.989864,0.806253,0.714125,1.272214,0.035523,0.745433,0.883807
lat33.0_lon-4.5_20231025_T30SUB_t148,24.813801,0.601817,0.742647,1.686099,0.057453,0.495282,0.727560
lat33.0_lon-4.5_20231025_T30SUB_t176,31.668125,0.879480,1.098873,0.991935,0.026097,0.800815,0.945397
lat33.0_lon-4.5_20231025_T30SUB_t198,30.610200,0.873923,1.562704,1.158677,0.029477,0.825843,0.968036
lat33.0_lon54.0_20240622_T39SYS_t099,35.927478,0.912897,0.319900,0.426527,0.015982,0.799269,0.975023
lat33.0_lon54.0_20240622_T39SYS_t115,38.271455,0.938636,0.310190,0.394947,0.012202,0.800280,0.987797
lat34.5_lon-118.5_20250801_T11SLU_t046,36.738376,0.914878,0.546806,0.517199,0.014557,0.812166,0.936528
lat34.5_lon-118.5_20250801_T11SLU_t066,38.006765,0.952778,0.654593,0.449823,0.012579,0.907598,0.969142
lat34.5_lon-118.5_20250801_T11SLU_t101,28.252956,0.763763,1.606055,2.040174,0.038668,0.685724,0.833527
lat34.5_lon-118.5_20250801_T11SLU_t106,30.582089,0.796471,1.298610,1.401835,0.029573,0.688197,0.900535
lat34.5_lon-118.5_20250801_T11SLU_t107,33.455378,0.865204,0.671595,0.881668,0.021244,0.770956,0.926360
lat34.5_lon-118.5_20250801_T11SLU_t156,33.597811,0.848171,1.569383,1.675824,0.020898,0.657823,0.882564
lat34.5_lon-118.5_20250801_T11SLU_t162,34.525230,0.848323,1.236342,1.628749,0.018782,0.643989,0.844916
lat34.5_lon-118.5_20250801_T11SLU_t174,32.059714,0.792192,2.176817,2.357194,0.024947,0.598057,0.784436
lat34.5_lon-118.5_20250801_T11SLU_t182,27.826486,0.691074,1.321128,1.962005,0.040614,0.588058,0.841026
lat34.5_lon-118.5_20250801_T11SLU_t215,26.140233,0.687246,2.227100,2.746695,0.049316,0.612693,0.864903
lat34.5_lon-118.5_20250801_T11SLU_t217,29.008691,0.756109,1.563239,1.939796,0.035446,0.661542,0.899201
lat34.5_lon-118.5_20250801_T11SLU_t237,32.479943,0.830838,1.914262,2.151906,0.023769,0.706991,0.875899
lat34.5_lon-118.5_20250801_T11SLU_t243,30.398404,0.759373,1.759972,2.105103,0.030205,0.644517,0.772878
lat34.5_lon-118.5_20250801_T11SLU_t252,40.272806,0.947062,1.784809,1.713484,0.009691,0.801251,0.912120
lat34.5_lon52.5_20260130_T39SXU_t092,32.082091,0.872218,0.416142,0.776575,0.024883,0.740544,0.958453
lat34.5_lon52.5_20260130_T39SXU_t095,28.232590,0.677829,0.522221,1.363301,0.038759,0.553163,0.767936
lat34.5_lon52.5_20260130_T39SXU_t103,21.091012,0.391294,1.954470,5.105280,0.088196,0.307755,0.518668
lat35.5_lon-98.0_20240821_T14SNE_t040,31.072002,0.882655,1.574454,1.133066,0.027951,0.833563,0.930967
lat35.5_lon-98.0_20240821_T14SNE_t153,30.959697,0.936903,2.007097,1.319095,0.028315,0.920883,0.967099
lat35.7_lon51.4_20250602_T39SWV_t009,27.966929,0.677006,1.880527,2.432634,0.039963,0.528585,0.810162
lat35.7_lon51.4_20250602_T39SWV_t014,29.366825,0.736169,1.411084,1.483222,0.034014,0.609340,0.878351
lat35.7_lon51.4_20250602_T39SWV_t027,36.144043,0.861784,1.265096,1.729950,0.015588,0.562749,0.854237
lat35.7_lon51.4_20250602_T39SWV_t105,35.714706,0.922354,1.544488,1.675358,0.016378,0.804339,0.912412
lat36.0_lon71.0_20231005_T42SXE_t115,24.194222,0.655835,8.110995,6.802554,0.061701,0.540985,0.810382
lat36.1_lon-112.11_20230623_T12SUF_t144,30.491525,0.768361,0.607459,1.287063,0.029883,0.640575,0.826940
lat36.1_lon-112.11_20230623_T12SUF_t161,27.956922,0.704543,0.945410,1.676765,0.040009,0.567765,0.779611
lat36.1_lon-112.11_20230623_T12SUF_t183,37.212877,0.930514,1.048750,0.765969,0.013783,0.844645,0.903572
lat36.1_lon-112.11_20230623_T12SUF_t195,32.136020,0.798909,0.761957,1.189620,0.024729,0.642756,0.796213
lat36.1_lon-112.11_20230623_T12SUF_t200,28.463279,0.712247,1.505717,1.881596,0.037743,0.535462,0.759128
lat36.5_lon-119.5_20250601_T11SKA_t150,34.944701,0.932165,1.557108,1.347886,0.017896,0.828798,0.952019
lat36.5_lon-119.5_20250601_T11SKA_t156,28.876951,0.838852,3.477341,2.172974,0.035988,0.771722,0.926288
lat36.5_lon-119.5_20250601_T11SKA_t166,34.218459,0.933952,1.455384,0.978037,0.019457,0.834799,0.975914
lat36.5_lon-119.5_20250601_T11SKA_t183,31.389464,0.836359,2.059534,1.373904,0.026948,0.707913,0.943533
lat36.5_lon-119.5_20250601_T11SKA_t185,33.516336,0.918888,1.899549,1.328701,0.021095,0.799296,0.977673
lat37.0_lon-118.5_20250619_T11SLA_t083,31.365273,0.798699,3.385815,3.058854,0.027023,0.639128,0.841870
lat37.0_lon-118.5_20250619_T11SLA_t104,30.461243,0.773874,0.657388,1.025528,0.029987,0.624897,0.856549
lat37.0_lon-118.5_20250619_T11SLA_t151,30.032962,0.750623,1.928422,2.173658,0.031503,0.615119,0.807064
lat37.0_lon-6.3_20240821_T29SQB_t113,31.414585,0.834082,1.698027,1.377874,0.026870,0.753015,0.852216
lat37.0_lon-6.3_20240821_T29SQB_t130,32.347142,0.883291,1.301425,1.234791,0.024135,0.821803,0.951397
lat37.0_lon-6.3_20240821_T29SQB_t138,30.906978,0.919388,2.178266,1.230229,0.028487,0.898390,0.954279
lat37.0_lon-6.3_20240821_T29SQB_t150,34.293493,0.933445,0.978863,0.712913,0.019290,0.889471,0.962897
lat37.0_lon-6.3_20240821_T29SQB_t152,32.567453,0.907663,1.013348,0.807063,0.023530,0.866261,0.940755
lat37.0_lon-6.3_20240821_T29SQB_t195,32.696437,0.900107,1.168741,1.017972,0.023183,0.855228,0.940522
lat37.0_lon-6.3_20240821_T29SQB_t219,32.766449,0.916410,1.460567,1.128570,0.022997,0.866101,0.971645
lat37.0_lon-6.3_20240821_T29SQB_t221,33.257375,0.914929,1.391680,1.058298,0.021734,0.868551,0.964430
lat37.0_lon-6.3_20240821_T29SQB_t239,29.975134,0.885743,1.916797,1.428956,0.031713,0.848129,0.954986
lat37.5_lon-120.0_20250619_T10SGG_t036,36.120218,0.925483,0.718954,0.656783,0.015631,0.864151,0.949371
lat38.5_lon-8.0_20230407_T29SNC_t058,26.580895,0.699222,1.603365,2.029929,0.046877,0.577249,0.796609
lat38.5_lon-8.0_20230407_T29SNC_t105,35.638010,0.897797,1.322451,1.244855,0.016523,0.759266,0.915523
lat38.5_lon-8.0_20230407_T29SNC_t154,33.201144,0.916466,1.290499,0.970904,0.021875,0.868906,0.963205
lat38.5_lon-8.0_20230407_T29SNC_t155,32.922633,0.913630,1.495285,1.074848,0.022588,0.872422,0.951278
lat38.5_lon-8.0_20230407_T29SNC_t156,32.070627,0.875358,1.573561,1.210197,0.024915,0.819275,0.923986
lat38.5_lon-8.0_20230407_T29SNC_t250,31.281807,0.890985,2.155774,1.513220,0.027284,0.833574,0.941525
lat38.5_lon-98.5_20230822_T14SNH_t091,30.751146,0.897040,2.803763,1.568283,0.029003,0.839627,0.949012
lat38.5_lon-98.5_20230822_T14SNH_t095,30.310383,0.854120,1.927370,1.145190,0.030513,0.750701,0.916818
lat38.5_lon-98.5_20230822_T14SNH_t097,29.319308,0.813302,1.964214,1.723388,0.034201,0.716026,0.887983
lat38.5_lon-98.5_20230822_T14SNH_t191,35.331274,0.926203,1.260739,0.956550,0.017117,0.831524,0.964281
lat38.5_lon-98.5_20230822_T14SNH_t195,29.195700,0.876199,2.791814,1.630572,0.034691,0.828765,0.940417
lat38.5_lon-98.5_20230822_T14SNH_t246,30.646784,0.901265,2.243555,1.546907,0.029354,0.846960,0.954704
lat39.0_lon-106.0_20231006_T13SCD_t052,24.446116,0.703561,4.998077,6.116519,0.059937,0.596399,0.869567
lat39.0_lon-106.0_20231006_T13SCD_t091,30.487089,0.802574,5.643640,4.543436,0.029898,0.677558,0.896394
lat39.0_lon-106.0_20231006_T13SCD_t093,29.553518,0.786533,3.287308,5.247672,0.033291,0.590178,0.842307
lat39.0_lon-106.0_20231006_T13SCD_t096,24.986440,0.615080,6.831812,7.794691,0.056322,0.506888,0.683425
lat39.0_lon-106.0_20231006_T13SCD_t106,27.576749,0.671096,7.282686,8.617442,0.041799,0.469706,0.711700
lat39.0_lon-106.0_20231006_T13SCD_t114,25.072783,0.775759,4.069698,3.877266,0.055765,0.710890,0.920804
lat39.5_lon-104.0_20230606_T13SED_t077,30.568310,0.812925,2.894318,1.592806,0.029620,0.685204,0.944007
lat40.0_lon116.5_20250403_T50TMK_t225,36.193949,0.907558,1.457909,1.033015,0.015499,0.824872,0.898380
lat40.0_lon116.5_20250403_T50TMK_t246,38.980940,0.923906,1.916005,1.203693,0.011245,0.759262,0.868609
lat40.0_lon116.5_20250403_T50TMK_t261,33.445460,0.874430,2.090347,1.412437,0.021268,0.790195,0.869282
lat40.0_lon116.5_20250403_T50TMK_t262,38.434524,0.913544,2.145746,1.315160,0.011975,0.722305,0.856978
lat41.0_lon-124.0_20250603_T10TDL_t042,31.639314,0.819842,1.747955,2.374998,0.026184,0.648440,0.864929
lat42.0_lon-101.0_20231006_T14TLM_t037,27.983878,0.744289,0.981872,1.584222,0.039885,0.632306,0.796504
lat42.0_lon-101.0_20231006_T14TLM_t040,29.146248,0.806024,1.557546,1.442621,0.034889,0.735436,0.912290
lat42.0_lon-101.0_20231006_T14TLM_t142,31.877217,0.830477,0.926211,1.048503,0.025476,0.715843,0.864892
lat42.0_lon115.0_20230623_T50TLM_t158,35.525210,0.909816,1.058854,0.661857,0.016739,0.785500,0.902213
lat42.0_lon13.5_20230822_T33TUG_t103,27.958970,0.751718,1.275113,2.161482,0.039999,0.577992,0.790683
lat42.0_lon13.5_20230822_T33TUG_t140,27.181644,0.705356,1.689094,2.343667,0.043744,0.576223,0.813040
lat42.0_lon13.5_20230822_T33TUG_t147,32.705602,0.878222,1.916105,1.334964,0.023159,0.821858,0.923785
lat42.0_lon13.5_20230822_T33TUG_t199,31.407761,0.813983,1.165028,1.919964,0.026891,0.607617,0.840090
lat42.0_lon13.5_20230822_T33TUG_t214,36.287269,0.896228,1.838059,1.858178,0.015333,0.748883,0.874433
lat42.0_lon13.5_20230822_T33TUG_t219,29.111106,0.790768,0.926863,2.132262,0.035030,0.605742,0.910364
lat42.0_lon13.5_20230822_T33TUG_t234,29.022985,0.766897,2.509128,2.114057,0.035388,0.686919,0.824828
lat42.5_lon-106.5_20250818_T13TCH_t083,32.906013,0.863954,1.016683,0.934553,0.022631,0.749686,0.930071
lat42.5_lon-106.5_20250818_T13TCH_t192,30.155628,0.855978,2.728143,1.484652,0.031061,0.803536,0.931398
lat42.5_lon-106.5_20250818_T13TCH_t238,31.711051,0.818383,0.674921,0.864175,0.025969,0.688610,0.863799
lat42.5_lon-106.5_20250818_T13TCH_t260,29.319568,0.741506,0.814877,1.783712,0.034200,0.479699,0.786459
lat42.7_lon0.5_20250803_T31TCH_t124,28.055705,0.715137,1.678167,2.481257,0.039556,0.543156,0.875850
lat42.7_lon0.5_20250803_T31TCH_t136,31.658075,0.793072,2.691323,2.659665,0.026127,0.578786,0.873023
lat42.7_lon0.5_20250803_T31TCH_t177,28.698674,0.775374,2.884669,2.641860,0.036734,0.660630,0.895167
lat42.7_lon0.5_20250803_T31TCH_t186,26.555011,0.731098,2.790275,2.528007,0.047016,0.649091,0.894420
lat43.5_lon104.0_20230822_T48TVP_t072,40.875428,0.950330,0.296118,0.304087,0.009041,0.763402,0.966899
lat44.0_lon-71.5_20250603_T19TCJ_t118,33.739773,0.909150,0.689151,1.075638,0.020559,0.806655,0.922486
lat45.0_lon11.0_20231008_T32TPQ_t057,32.268465,0.896054,2.354186,1.349123,0.024354,0.837916,0.918728
lat45.0_lon11.0_20231008_T32TPQ_t084,39.341535,0.939876,2.802951,1.740939,0.010788,0.820617,0.894035
lat45.5_lon40.0_20230808_T37TEL_t093,34.685745,0.940857,1.592841,1.114498,0.018438,0.849674,0.976729
lat45.5_lon40.0_20230808_T37TEL_t108,33.266501,0.901155,1.893555,1.442364,0.021711,0.756085,0.973885
lat45.5_lon40.0_20230808_T37TEL_t110,39.523083,0.962309,2.665636,1.612430,0.010564,0.865371,0.966234
lat45.5_lon40.0_20230808_T37TEL_t114,30.301724,0.884880,2.583567,1.324848,0.030543,0.823333,0.965575
lat45.5_lon40.0_20230808_T37TEL_t150,36.221972,0.922170,2.986964,1.818042,0.015449,0.812705,0.952580
lat45.5_lon40.0_20230808_T37TEL_t165,33.374518,0.937834,2.031347,1.237527,0.021442,0.868941,0.978154
lat45.5_lon40.0_20230808_T37TEL_t183,35.462156,0.953403,2.113138,1.279847,0.016861,0.871414,0.980084
lat45.5_lon40.0_20230808_T37TEL_t191,40.310714,0.962537,2.383953,1.660719,0.009649,0.816192,0.970647
lat46.0_lon-122.0_20250417_T10TES_t076,27.134276,0.687779,3.323246,5.650736,0.043983,0.469170,0.756898
lat46.0_lon-122.0_20250417_T10TES_t183,34.235921,0.875887,1.745262,4.254291,0.019418,0.591868,0.874888
lat46.0_lon-122.0_20250417_T10TES_t197,30.919725,0.793543,5.070520,5.781882,0.028446,0.552810,0.845724
lat46.0_lon-122.0_20250417_T10TES_t198,28.790657,0.781943,5.752583,6.119430,0.036347,0.528760,0.887430
lat46.0_lon-122.0_20250417_T10TES_t213,33.774392,0.875926,3.079837,2.991578,0.020478,0.754253,0.914759
lat47.0_lon-108.0_20240806_T12TYT_t059,29.637061,0.831765,1.562746,1.340105,0.032972,0.755309,0.882334
lat47.0_lon-108.0_20240806_T12TYT_t103,30.531945,0.818060,1.406962,1.245401,0.029744,0.727123,0.850253
lat47.0_lon-108.0_20240806_T12TYT_t149,34.223285,0.872928,0.711556,0.660824,0.019446,0.744601,0.861351
lat47.0_lon-108.0_20240806_T12TYT_t181,33.373498,0.863248,1.275938,0.961904,0.021445,0.716285,0.849327
lat47.0_lon-108.0_20240806_T12TYT_t201,35.687064,0.911109,0.742990,0.643899,0.016430,0.768826,0.918395
lat47.5_lon-100.5_20231008_T14TLT_t028,31.474763,0.863586,2.772030,1.546091,0.026685,0.762277,0.933440
lat47.5_lon-100.5_20231008_T14TLT_t089,30.821807,0.865414,2.504319,1.554783,0.028768,0.789068,0.938992
lat47.5_lon-100.5_20231008_T14TLT_t105,26.097736,0.681933,2.500743,2.473430,0.049558,0.567082,0.812528
lat47.5_lon-100.5_20231008_T14TLT_t111,33.144183,0.900248,1.966303,1.304443,0.022019,0.799668,0.944601
lat47.5_lon-100.5_20231008_T14TLT_t126,30.217721,0.843388,3.282073,1.965707,0.030840,0.736159,0.934335
lat47.5_lon-100.5_20231008_T14TLT_t147,32.517809,0.911262,2.439794,1.206548,0.023665,0.831629,0.960579
lat47.5_lon-100.5_20231008_T14TLT_t227,31.281954,0.848544,1.398784,1.418845,0.027284,0.763674,0.884394
lat47.5_lon24.5_20250805_T35TLN_t130,25.913254,0.727360,1.389989,3.286511,0.050622,0.547171,0.877028
lat47.5_lon24.5_20250805_T35TLN_t131,29.281096,0.759631,1.853064,4.283474,0.034351,0.508643,0.775588
lat47.5_lon24.5_20250805_T35TLN_t156,30.431628,0.800273,1.285686,2.232322,0.030090,0.635012,0.851646
lat47.5_lon24.5_20250805_T35TLN_t178,30.692397,0.766183,1.904926,3.596447,0.029200,0.536013,0.769671
lat49.0_lon13.2_20250406_T32UQV_t071,32.480035,0.832385,3.100221,2.899208,0.023768,0.701717,0.852138
lat49.0_lon13.2_20250406_T32UQV_t084,27.107064,0.793782,3.141786,2.415663,0.044121,0.753241,0.888290
lat49.0_lon13.2_20250406_T32UQV_t085,35.382767,0.887751,3.177886,2.755071,0.017016,0.768817,0.903347
lat49.0_lon13.2_20250406_T32UQV_t094,33.285936,0.870681,3.108832,2.123206,0.021662,0.766304,0.929344
lat49.0_lon34.0_20250606_T36UWV_t023,32.272767,0.905974,2.256782,1.122921,0.024342,0.811555,0.937379
lat49.0_lon34.0_20250606_T36UWV_t063,31.246716,0.898256,2.762653,1.362798,0.027395,0.829592,0.942944
lat49.0_lon34.0_20250606_T36UWV_t069,33.587584,0.921384,1.820668,1.133636,0.020923,0.830712,0.975481
lat49.0_lon66.0_20230818_T41UQQ_t023,41.246648,0.962377,0.315693,0.263865,0.008663,0.890655,0.974998
lat49.2_lon20.0_20250815_T34UDV_t022,28.112130,0.861615,1.009464,2.345949,0.039300,0.749027,0.882232
lat49.2_lon20.0_20250815_T34UDV_t034,29.970434,0.855221,1.527812,2.215199,0.031731,0.780523,0.911424
lat49.2_lon20.0_20250815_T34UDV_t056,26.280061,0.689091,1.684930,3.266703,0.048529,0.474526,0.759150
lat49.2_lon20.0_20250815_T34UDV_t090,28.136538,0.832852,1.276589,2.275993,0.039190,0.736085,0.901494
lat49.2_lon20.0_20250815_T34UDV_t137,32.502043,0.865670,2.423140,2.047255,0.023708,0.763331,0.922970
lat51.0_lon-106.5_20250408_T13UCS_t042,31.027460,0.750986,5.680375,3.542603,0.028095,0.569385,0.788077
lat51.0_lon46.0_20241013_T38UNB_t016,31.523987,0.865843,1.876001,1.454874,0.026534,0.762975,0.944809
lat51.0_lon46.0_20241013_T38UNB_t033,35.654487,0.939432,1.477088,0.866329,0.016492,0.859111,0.972738
lat51.0_lon46.0_20241013_T38UNB_t046,32.074720,0.879616,1.459790,1.151426,0.024904,0.791531,0.954484
lat51.0_lon46.0_20241013_T38UNB_t072,32.951590,0.906240,1.231899,1.052466,0.022512,0.833739,0.958947
lat51.0_lon46.0_20241013_T38UNB_t076,30.947530,0.799633,0.929632,1.066316,0.028355,0.674557,0.924945
lat51.0_lon46.0_20241013_T38UNB_t117,27.359286,0.760751,1.409885,1.927031,0.042858,0.634558,0.824354
lat51.0_lon46.0_20241013_T38UNB_t173,33.219966,0.896833,1.114231,0.883077,0.021827,0.753644,0.951133
lat51.0_lon46.0_20241013_T38UNB_t177,27.465061,0.738294,2.074756,2.820711,0.042340,0.648170,0.789998
lat51.0_lon67.0_20230613_T42UUB_t192,25.842916,0.670378,4.025214,2.645633,0.051033,0.407356,0.833371
lat51.0_lon67.0_20230613_T42UUB_t219,41.828000,0.973753,0.486172,0.269574,0.008102,0.804118,0.970107
lat51.5_lon-0.1_20230613_T30UXC_t124,39.821958,0.935857,2.536484,2.520901,0.010207,0.731550,0.883936
lat7.5_lon30.5_20241128_T35NRJ_t025,34.070688,0.937910,1.205372,0.832673,0.019791,0.870145,0.966337
lat7.5_lon30.5_20241128_T35NRJ_t027,34.646537,0.936931,1.098623,0.944257,0.018521,0.836451,0.941294
lat7.5_lon30.5_20241128_T35NRJ_t072,34.182846,0.937109,1.168055,0.857812,0.019537,0.891198,0.965759
lat7.5_lon30.5_20241128_T35NRJ_t086,33.154847,0.929224,1.511560,1.813693,0.021992,0.878631,0.959355
lat7.5_lon30.5_20241128_T35NRJ_t099,37.006891,0.951458,0.766038,0.814388,0.014114,0.857443,0.980100
lat7.5_lon30.5_20241128_T35NRJ_t105,31.940541,0.939368,1.082392,1.053892,0.025291,0.881026,0.938209
lat7.5_lon30.5_20241128_T35NRJ_t133,33.119656,0.914404,1.279592,1.055707,0.022081,0.824155,0.965858
lat7.5_lon30.5_20241128_T35NRJ_t150,36.101824,0.950120,1.012946,0.845062,0.015664,0.881798,0.973606
lat7.5_lon30.5_20241128_T35NRJ_t183,37.563194,0.943689,0.812912,0.659895,0.013239,0.851474,0.962556
lat7.5_lon30.5_20241128_T35NRJ_t184,32.521854,0.887482,1.149479,1.454655,0.023654,0.776505,0.953982
lat9.5_lon7.5_20241128_T32PLR_t054,34.091683,0.917045,1.240475,1.012750,0.019743,0.863235,0.919473
lat9.5_lon7.5_20241128_T32PLR_t092,29.523954,0.818565,1.139103,1.226527,0.033404,0.758813,0.864768
lat9.5_lon7.5_20241128_T32PLR_t136,31.048338,0.837692,1.463585,1.337234,0.028027,0.765671,0.913960
lat9.5_lon7.5_20241128_T32PLR_t137,24.267763,0.579877,1.800092,2.858216,0.061180,0.486732,0.644344
MEAN,32.252372,0.848656,1.600879,1.596671,0.026884,0.738745,0.897142
